{
  "IsEncrypted": false,
  "Values": {
    "WEBSITE_SLOT_NAME": "Production",
    "FUNCTIONS_EXTENSION_VERSION": "~2",
    "ScmType": "None",
    "WEBSITE_AUTH_ENABLED": "False",
    "REMOTEDEBUGGINGVERSION": "15.0.28307.222",
    "FUNCTION_APP_EDIT_MODE": "readwrite",
    "AzureWebJobsDashboard": "DefaultEndpointsProtocol=https;AccountName=dipgithub66423e;AccountKey=bkfrfjJ1Ir3HVTKQQU3SEUzUFzUpoef2JF11vlZblYd145E5dVVQow/0tiB57I9OvMTJvyWxK6Yfpk849Sd93A==",
    "FUNCTIONS_WORKER_RUNTIME": "dotnet",
    "WEBSITE_SITE_NAME": "process66423e",
    "AzureWebJobsStorage": "DefaultEndpointsProtocol=https;AccountName=dipgithub66423e;AccountKey=bkfrfjJ1Ir3HVTKQQU3SEUzUFzUpoef2JF11vlZblYd145E5dVVQow/0tiB57I9OvMTJvyWxK6Yfpk849Sd93A=="
  }
}