{
  "IsEncrypted": false,
  "Values": {
    "WEBSITE_SLOT_NAME": "Production",
    "FUNCTIONS_EXTENSION_VERSION": "~2",
    "ScmType": "None",
    "WEBSITE_AUTH_ENABLED": "False",
    "WEBSITE_RUN_FROM_PACKAGE": "1",
    "WEBSITE_NODE_DEFAULT_VERSION": "8.11.1",
    "WEBSITE_CONTENTAZUREFILECONNECTIONSTRING": "DefaultEndpointsProtocol=https;AccountName=12345654321;AccountKey=C5O+SdA0LGv6DxU2s/tncgaptsndKbwG2WKwp+5QifABcpclwTX02Ps7tWzsoYuE1ZMFOMwNlh+ea87xYP0uaw==;EndpointSuffix=core.windows.net",
    "WEBSITE_CONTENTSHARE": "12345654321-content",
    "FUNCTIONS_WORKER_RUNTIME": "dotnet",
    "WEBSITE_SITE_NAME": "12345654321",
    "AzureWebJobsStorage": "DefaultEndpointsProtocol=https;AccountName=12345654321;AccountKey=C5O+SdA0LGv6DxU2s/tncgaptsndKbwG2WKwp+5QifABcpclwTX02Ps7tWzsoYuE1ZMFOMwNlh+ea87xYP0uaw==;EndpointSuffix=core.windows.net"
  }
}